{"cameraMode":{"drawMode":0,"name":"Shaded","section":"Shading Mode"},"sceneLighting":false,"audioPlay":false,"sceneViewState":{"showFog":true,"showMaterialUpdate":false,"showSkybox":true,"showFlares":true,"showImageEffects":true,"showParticleSystems":true},"in2DMode":false,"pivot":{"x":-8.612617492675782,"y":4.777751445770264,"z":4.152305603027344},"rotation":{"x":0.01373780146241188,"y":-0.10684178024530411,"z":0.0014769505942240358,"w":0.9941800236701965},"size":15.864970207214356,"orthographic":false}